mu,shape
10.783524,6.068703
9.930626,4.201487
12.031292,9.513372
11.8032675,8.865701
11.300672,3.4332929
11.144503,6.944002
12.260298,5.746549
11.290293,6.59235
11.460206,5.432115
9.565136,4.977803
9.679935,4.343918
11.683388,10.232092
13.119967,5.855896
12.799322,5.7872047
10.421352,5.9393663
12.161213,5.452975
11.657211,4.289071
10.584198,4.9864054
13.772886,3.7255208
11.092884,3.815094
12.576399,7.793274
12.83597,9.049144
10.556018,4.916432
10.59538,6.0431037
11.668562,4.1007247
11.71179,9.283564
11.997402,5.9658957
11.343378,6.9147987
9.886848,6.5250874
11.547209,7.0749507
12.505072,6.333866
12.79978,4.834812
11.123787,5.8077583
9.938772,5.5156984
11.312344,4.231827
10.3102045,5.2325716
10.690588,6.454138
10.38307,5.1734085
10.704721,3.6569066
11.43503,4.1439886
10.498386,6.888791
10.451061,5.329964
10.238186,4.4574275
11.495354,4.165887
11.056236,5.463978
11.070717,7.2151065
10.229116,4.617309
12.96596,3.6436038
10.372999,7.941486
11.106587,5.908119
11.411402,5.5873494
10.760342,5.3756247
10.830545,5.6063175
11.095953,4.338615
12.23277,5.282696
12.559041,6.9938664
9.9585705,5.7997255
12.409048,5.830687
11.974512,5.3176355
11.531137,7.8608046
10.238781,10.886987
12.257053,6.366729
10.238532,6.5236444
12.621092,6.6818595
11.425596,6.230795
10.807331,7.1739864
10.326284,4.3324943
9.1712475,4.941798
12.309096,5.6514683
12.901431,8.017399
9.490362,7.8900695
11.657406,10.214653
10.351787,8.299426
10.642782,4.7679048
10.590829,4.1164284
12.428327,6.098464
10.991764,7.8046722
11.859579,9.563784
11.79773,5.1449113
13.255971,6.7840743
10.200228,6.2370853
12.291117,10.566014
11.848204,4.2138643
12.149656,4.194101
10.0294285,6.203934
10.430418,10.439513
11.542987,4.731783
10.2452545,2.7258625
10.331785,6.95508
11.665989,2.2518263
10.6975155,5.8566084
12.260731,7.5643277
12.873968,3.5814695
11.123256,6.2504525
9.91661,5.754964
12.298155,4.0202303
10.802969,5.289153
11.483433,7.0792828
11.409679,4.233575
9.709652,4.878554
10.750916,5.4718995
11.8062935,4.9939575
11.40041,8.936038
11.012169,6.0480075
11.6623125,5.811445
11.223213,7.1994896
11.333046,5.8198757
10.367033,6.210366
10.970753,5.40371
11.181052,6.077447
11.116133,3.8220346
12.003795,7.8990984
11.850822,5.353509
12.02578,6.9147835
12.651111,7.035557
11.256982,10.129965
11.242362,7.7969613
11.877259,4.770508
10.074139,5.73252
9.521471,4.6464095
11.714792,5.883239
10.846771,5.1933503
12.167847,4.5751114
10.5208845,6.1821413
12.457901,5.9926987
11.178568,7.6072507
12.692976,11.800426
10.308666,5.599619
9.4112425,7.651598
12.367126,6.2407527
12.495537,4.7076397
10.806576,6.8248754
11.314777,8.583298
10.502855,4.25969
10.668091,3.1649768
10.301283,3.913546
11.329138,4.852772
12.655682,4.930942
10.722548,3.370399
11.343195,7.1056604
13.601767,2.6811347
12.195676,5.979825
11.876967,6.3510957
12.934265,4.2315307
11.058926,4.7550926
10.773421,7.1446805
11.027486,5.8482556
10.334606,6.769791
12.692671,5.795581
9.605767,3.763097
12.149567,10.358502
10.684157,7.7100363
11.845343,4.8669043
11.855673,4.437879
10.633986,6.469637
12.083707,6.1509995
12.458614,3.2675805
9.942799,6.5953197
9.393224,3.9328997
12.909403,3.2167792
12.143575,10.138006
9.889611,7.981606
12.470567,5.731386
11.856007,8.099887
10.900048,6.3192606
9.395168,4.587591
12.89716,5.8141556
11.577952,7.7920456
11.512793,7.2611465
12.361465,7.397808
10.068711,5.373518
13.402137,5.1721687
12.232257,3.6412168
10.150123,5.914093
11.570173,4.876485
11.195115,3.7733505
11.230679,5.284348
11.372052,6.8225846
10.441677,7.674412
10.956447,3.3114314
11.530392,10.074678
9.677395,3.3468313
10.549082,5.329076
10.497408,9.8823185
12.887802,4.799375
11.8839245,4.9504623
10.511756,4.80353
10.021147,8.600673
10.626442,6.5007524
11.402489,8.394111
10.9771185,5.2831187
11.002065,7.1001983
11.187447,5.3342133
11.6359825,8.261061
13.152351,8.605918
11.925301,7.2346087
12.4496975,6.8155594
9.877455,5.2083225
10.767508,3.6158216
11.818415,4.931909
10.654758,7.4252663
11.007942,6.6729407
12.325054,4.5382557
13.113904,4.8774824
12.159938,6.868155
11.479183,3.500689
13.339235,4.4533563
9.53181,5.1731896
12.716111,4.686477
10.909054,3.9650838
9.820401,3.1305606
9.864828,3.9342892
11.452329,4.4272656
11.300173,4.6707363
11.402864,5.1168036
11.348999,9.121672
10.420667,5.8012896
9.456785,5.7494845
10.893442,5.2767315
11.780886,10.405155
10.223304,6.170333
13.997404,5.3745584
11.243104,4.690507
11.59323,5.2257376
10.8067,5.597932
9.798143,6.1593723
12.127814,5.7097435
10.094534,7.655253
11.341439,8.909089
10.872786,8.389273
10.960279,4.854414
11.794578,7.3914065
11.574328,7.463641
10.920918,6.899795
11.68667,6.6691175
12.188007,6.34834
10.431646,4.3693175
10.033406,6.079881
12.255128,7.5624127
10.822998,3.6636758
11.967934,11.27604
11.431313,8.561731
12.064705,8.321346
10.936946,9.90374
9.540827,6.50057
11.797913,4.649238
10.211107,5.5347066
11.274862,5.796688
11.215579,6.129178
11.537333,8.326653
10.961443,4.162742
11.219564,7.228893
10.911705,8.486099
10.465112,5.270728
11.461922,5.409134
10.927218,6.77429
10.963236,5.216042
10.937934,5.7736163
11.005981,4.3078823
11.315046,8.174151
10.281654,8.825274
13.165076,3.3346114
11.504476,6.0060625
12.281298,9.372687
11.717603,9.393443
11.211576,5.3649325
12.05192,3.973703
12.658557,4.634693
10.837618,6.3234825
13.784443,4.825889
11.874419,4.737985
12.241044,8.495002
12.555694,4.453494
11.477057,5.4015403
11.241622,5.4796114
11.042906,6.909657
11.298144,5.2049246
8.956316,3.280618
9.822651,9.562206
12.2334175,7.015512
12.080734,7.8218827
10.081573,4.430039
11.754854,7.652054
11.6622095,8.566362
10.986795,5.5917697
12.274062,6.068672
9.927416,6.0426855
11.24059,9.780637
11.624107,8.471122
13.041974,4.5787354
10.820364,6.4249744
10.9965315,5.566789
11.840021,4.4309335
12.605959,10.253225
10.442229,4.836043
11.73222,6.1497955
10.214855,6.5397377
10.21446,4.4584885
10.563163,6.419805
12.643557,8.081916
10.801656,6.373993
9.63965,6.708664
11.950188,7.9826126
11.268641,9.063288
10.778254,3.7966983
11.627563,4.1367154
12.615177,7.9996624
12.262093,7.443514
10.802446,7.9146943
10.707376,6.951466
11.882956,8.888172
12.258477,6.254376
10.730719,10.356916
15.295791,5.2881174
11.68548,6.3464146
11.316852,5.8272734
10.457679,4.1491537
12.804264,4.4407167
11.415916,7.4289813
12.457809,4.771227
9.988096,4.831911
11.550103,8.326782
11.217791,7.648497
12.806926,4.718838
9.298165,6.2013106
11.62066,3.6322992
11.0057745,6.369763
11.218831,2.829
11.176226,4.8797884
12.332373,6.0470514
10.765736,6.279238
11.979247,10.335449
10.346753,6.3923254
12.047762,4.525181
9.068709,3.863592
12.092021,6.9947004
11.454731,5.769213
9.938335,6.0792
9.603152,6.3153353
11.581856,6.543615
10.76503,4.987005
10.960037,6.208869
12.088116,6.8151517
10.757647,8.371697
12.510484,6.3285527
10.706581,6.9334497
13.449448,4.9432516
11.350744,7.821989
11.075398,4.7725534
10.380082,10.318657
10.273717,4.725629
10.579964,6.287941
12.055917,8.766663
10.623596,8.095469
13.422801,4.545288
9.030257,3.3566957
9.954761,5.463424
10.824874,6.636565
10.723332,4.8265414
12.168195,9.578929
10.564354,6.3375554
10.600975,5.935314
10.842477,4.731738
11.054422,4.8389354
10.63549,9.383254
12.023707,5.7127533
10.978407,6.143631
11.142202,7.8268337
11.668584,7.9716897
12.95355,6.166504
11.979373,8.653316
10.377152,6.5281696
11.489857,3.944364
13.4628315,6.536606
12.849317,4.384788
12.22426,5.3480406
12.190649,5.418366
12.921705,5.946472
12.476934,7.8946605
11.190589,6.9934154
10.082712,6.440473
12.281391,4.000267
10.73425,5.801298
10.94319,4.6179185
9.824333,4.039414
11.018374,3.499804
12.761404,6.170723
9.975464,3.349328
9.1995325,3.5096452
12.361507,7.213048
10.497736,6.2932267
11.40582,5.6732173
11.026513,8.150002
10.837057,5.0824695
10.3604355,6.984808
11.144572,5.522425
11.3893795,5.2527056
10.141245,4.763022
10.603247,6.927493
10.458903,5.758643
11.530441,6.736913
12.340694,5.1666117
11.313749,4.8866467
9.414889,4.339298
11.4291,6.7753196
11.7502365,7.036088
11.20601,3.4079785
10.749017,7.8584003
10.636875,4.834857
10.966093,6.0543423
10.057567,6.4746666
11.77997,5.0035496
11.553064,2.715139
10.770139,9.63243
10.819848,6.859968
10.631657,6.297661
11.5337715,5.7944603
12.278671,6.8058662
11.550717,5.988537
11.677977,5.1480026
12.483593,9.102994
11.0431795,6.4590073
11.68589,5.0067477
11.6694355,7.0869718
10.952377,8.046418
10.822859,10.892611
11.998344,5.5271897
11.223649,8.973269
11.523447,7.3506484
10.988564,5.4690065
11.35235,5.695327
12.946863,11.485891
10.915369,4.45397
10.65279,5.948228
10.601809,5.762535
11.722632,3.6872
11.6129,5.330499
12.617569,8.065608
10.532327,5.427614
12.168459,7.7489777
11.425713,7.2947154
10.958448,5.4266186
10.983088,6.344263
9.954512,7.0981293
11.8238735,7.0982237
10.314958,6.562686
12.057061,4.877822
11.5443,4.570146
10.722491,8.14212
11.166746,6.974992
9.986817,6.499525
9.814154,5.269433
11.306072,6.0157
10.66148,5.827471
12.642472,4.9363623
11.624138,6.1493845
10.484501,6.6363153
12.481031,3.946985
12.5851755,9.225545
13.275438,3.825934
12.166538,6.8809295
12.601536,7.693189
11.29868,6.3650446
12.269904,5.3677135
11.34528,7.4861856
12.822046,4.2763543
10.783754,5.27212
11.641632,7.802698
11.154779,5.954529
12.013326,5.430706
11.148789,5.8795958
11.225636,7.072318
9.617312,4.3186707
10.463562,3.8451793
9.10233,5.746647
11.599473,3.3652008
11.421696,10.055256
10.675184,7.184796
10.196526,4.418191
11.599016,4.935417
12.457607,7.059633
13.292607,5.170917
10.65389,5.7656536
11.585411,8.868872
11.788879,7.820324
10.615204,8.857393
10.266483,4.0857515
10.553793,6.7767415
10.451931,5.304691
11.299653,7.4749207
11.283312,5.4924884
11.449167,4.257383
13.102552,8.664482
11.764656,5.0968094
11.358054,4.231154
11.757217,3.6867769
10.865174,4.500608
10.460534,7.07314
10.606147,5.442822
10.496329,8.870416
10.488774,7.428218
12.690922,8.344196
9.352232,7.6197066
10.163429,5.5098834
12.307432,7.477762
9.812549,5.294388
11.157671,5.070096
11.213932,6.577935
11.78154,8.526451
10.6345415,8.402989
10.834288,5.343373
10.673973,8.642364
12.29124,6.750037
11.271175,5.9104786
11.1075325,7.504751
10.074321,2.8662355
11.70908,4.6271996
11.16877,7.4718866
13.253911,5.0031023
11.321394,4.0066457
11.28248,7.0234456
10.765423,6.6530385
10.772892,8.568118
10.111694,8.08198
10.940302,4.364749
11.565628,4.03854
12.060014,6.289622
11.280491,5.178556
10.616188,5.313553
12.341221,7.4420605
11.675251,5.1944003
12.684472,4.728994
10.255888,7.566171
12.692129,6.292317
12.005065,6.20231
11.074223,5.304696
11.406805,6.2367716
11.660077,8.549398
11.093659,3.94073
10.389795,5.741242
11.376877,6.6213346
11.19539,4.700768
9.641825,4.5984764
12.190832,4.642357
11.203902,6.226537
12.481367,4.777286
11.677259,6.4599686
11.108333,4.364337
10.75901,3.3519487
10.033815,4.4577146
10.2360115,4.217425
11.722842,6.6519375
11.497782,7.031592
9.618619,5.1246104
12.154735,6.7719927
11.228668,9.698544
13.008603,6.3764734
11.754633,8.639811
11.931232,5.1305776
11.916325,6.4496126
10.87264,5.655087
10.140989,4.9132805
11.271328,6.8707952
12.367117,5.7025337
11.737587,5.8726406
10.435527,5.293009
10.419613,4.614282
9.877056,7.7999024
12.708616,5.5815797
11.796794,3.5710573
9.6104355,5.4747863
11.3945675,4.2375045
12.478418,3.8817332
11.9681225,5.541733
11.452468,2.3581061
11.182081,8.59909
11.550519,7.0980215
12.490405,4.758045
11.450701,8.398673
11.196231,9.445088
11.265158,5.8384957
11.217512,5.742192
12.858501,6.9461794
10.498371,8.873754
11.468493,8.803816
10.585035,5.230522
11.034599,5.385429
11.607031,4.3340516
10.544895,5.5981503
11.51747,12.356336
12.985143,7.2373204
12.117611,3.6110427
12.50038,5.706084
10.906912,3.8478777
12.574034,7.977719
11.914553,6.2230606
11.748718,9.590954
11.989016,3.8225377
12.801956,6.617068
13.240876,5.5157065
9.925857,8.7783165
11.242313,4.958885
12.586712,8.161033
12.078814,5.268054
11.943881,6.6796694
12.495767,4.749217
10.003241,4.4240985
10.638254,7.5125546
12.515833,4.9185486
10.718721,7.404503
11.625368,5.7151003
11.438658,3.1979864
12.500367,4.098496
11.018689,3.9622204
11.516128,7.8799872
10.696118,5.5066767
11.55796,7.789119
10.683197,6.8824964
10.058627,5.329256
11.751402,5.8289905
11.96806,7.085533
11.946709,7.141127
10.378937,7.865028
11.487507,7.1439266
11.92173,5.726801
11.2817545,7.251594
9.695166,4.3985763
9.377518,6.4697676
12.372302,7.429045
11.566149,8.535903
10.89667,8.130402
12.830089,4.627765
11.372301,6.928337
10.096455,7.529324
11.75807,3.659948
11.472923,8.044334
10.500787,5.485241
9.821054,4.4840026
9.724298,5.584655
13.558598,4.462682
11.18655,8.404021
11.618416,7.0078807
10.43327,6.4277782
11.881185,3.4439702
11.899969,7.768964
11.807768,8.173086
11.681307,3.4337897
11.999605,7.053787
10.9213295,4.5883775
12.264057,9.919334
11.028873,7.06871
13.558327,7.4408846
11.210751,6.734173
11.1711,3.8686934
10.344856,5.779278
10.705956,5.8182907
12.489723,4.3124213
11.947142,7.225065
10.329266,5.9209123
11.65034,7.972081
12.8182535,6.824161
10.589135,7.4417467
11.935137,5.811165
10.332216,7.57953
11.502819,5.773617
12.768484,3.8814116
11.897955,7.310877
12.253054,6.148959
11.5897045,4.6771083
10.409945,4.038876
11.211392,11.868835
9.778352,7.3228126
12.340143,5.366782
12.327457,8.92592
10.865032,6.5758724
13.138771,9.185357
11.55113,5.458782
11.009049,3.6350317
13.904472,4.703409
10.638688,3.0767572
10.415629,4.4680247
12.00235,8.666718
10.102556,6.566838
11.570007,4.812529
12.534832,5.330493
11.901045,5.784917
10.8410015,7.5131187
10.5041275,4.9658723
11.877418,8.993173
9.1914015,3.8786964
10.5087185,2.9555025
9.79804,5.004901
12.378336,7.842446
11.162468,4.8480067
11.503924,6.1775546
12.47178,7.9618773
10.023333,6.7857623
11.357529,5.7647533
11.830266,10.474185
10.231129,7.8510046
12.092768,6.0516205
11.676401,6.6466
11.032455,6.1682024
11.075915,7.126998
11.451599,4.0917172
11.207079,7.2960453
11.652087,5.2893124
11.306425,5.531561
10.866104,5.576886
11.248507,8.260899
11.934687,6.8008566
11.15453,8.067311
12.458273,8.992699
12.228064,4.1306334
11.45459,8.147663
12.64883,7.484419
10.310411,4.5140634
10.843837,4.067076
11.26772,5.3849483
10.898619,4.7733297
10.525391,7.6685114
12.110399,5.431035
13.068724,6.487066
11.059012,4.034689
10.722481,6.919524
11.7514105,5.4001245
12.192033,4.7333016
10.636657,6.245049
11.511293,9.186984
9.773645,6.1261334
12.5312605,5.8014116
10.643703,5.3127737
11.555309,4.218286
11.834179,4.174813
9.690408,8.374317
9.610541,6.7256813
11.600189,5.0721426
13.555811,5.7900524
11.556747,6.0141087
13.554212,4.785792
10.080012,6.179376
10.798293,3.5937462
11.276588,4.955335
11.096609,7.6647716
9.637484,5.210636
10.3364105,5.149172
10.750423,5.775524
11.309213,10.153722
11.131525,5.8208
10.484806,6.4067
10.649925,6.9020786
9.662553,5.6991286
12.431554,7.1533
10.973544,5.4931536
12.291087,5.4030633
10.605813,4.454688
11.445922,4.4616547
12.227015,7.5671616
11.408061,8.5176
12.662792,6.3848786
11.178883,5.050208
11.84662,7.458669
10.482587,5.8476973
12.015285,6.4841914
12.52434,6.466374
11.502869,4.5684686
12.6852255,9.251201
12.408398,4.291299
12.900708,6.993804
10.996699,4.9488287
10.736687,8.481287
11.325874,4.236183
13.679109,4.3602386
11.661732,4.924228
11.627899,5.2052803
11.506107,6.322465
12.0796795,7.618782
12.326547,8.724543
10.989397,4.4407845
11.531651,9.517642
10.9772,6.1638794
10.952398,5.2311144
10.838422,6.8353934
10.248516,5.0679083
10.281085,5.57056
11.718393,8.388126
11.567787,8.096344
11.487918,5.738389
11.628296,6.6256647
10.807251,7.9367366
12.309948,4.5069985
10.75769,7.168851
11.562256,3.7106485
10.463372,5.9656315
10.309268,7.6858907
12.084078,9.106552
11.405394,9.302363
10.211441,9.211727
9.746955,4.816718
11.964188,4.697729
10.817736,5.361558
12.091911,8.537175
11.996247,6.604889
9.886978,4.994878
12.289461,4.2097044
11.243678,7.9498553
12.3839,4.5325236
11.474321,8.041016
12.49543,3.9656365
12.697773,7.158128
11.622871,5.1103506
12.264187,3.9679515
12.902259,7.014184
11.882771,4.0775905
11.870838,8.763502
11.194706,7.8139796
10.221384,4.1215734
10.99194,6.076198
12.66242,6.288351
11.721283,5.819451
10.520464,7.619254
11.888033,5.110596
11.552649,5.150573
10.323956,7.2525263
11.518553,13.487875
10.67413,6.506714
11.365669,6.6062574
10.946377,6.4312634
10.557619,4.421652
11.357485,6.1895447
13.484077,5.942457
11.095911,5.7762575
11.651091,4.29006
11.527294,4.3848615
11.314877,5.441743
11.695241,7.148971
11.17865,3.8569305
10.792278,7.687007
11.088757,9.182471
11.710867,9.259297
11.873825,7.968741
8.826377,4.6875124
10.542607,7.253293
11.097141,6.815487
11.982595,7.5921125
13.100357,3.8843088
12.0029335,4.8523927
11.232349,7.5719333
9.951728,3.8894668
10.986149,6.5714817
12.598223,6.509195
12.159723,6.12468
11.104099,5.72269
11.074273,7.8568883
12.574534,5.3413253
12.183113,6.004741
10.413121,4.8621426
11.365309,6.8674893
11.914359,7.5201707
11.3283615,5.107768
11.140026,4.154539
11.194042,5.6350536
10.654001,6.744719
12.740349,3.8105414
10.557324,6.6591196
9.903733,2.4411087
12.441858,4.5288496
11.291622,4.1420794
10.287284,4.350003
13.205135,5.3740463
10.4652815,5.6947613
11.106103,3.5828552
11.100787,5.24304
12.53867,8.45179
10.384089,5.9229755
12.280745,6.638017
11.72109,9.783109
10.471046,2.4294314
12.281503,7.899703
13.0997505,5.021373
10.462626,6.634019
12.67874,6.0801888
11.501281,5.6293163
11.664353,6.0767746
12.095692,5.30056
9.788057,6.315181
11.343035,6.954408
11.909009,7.634864
13.143602,7.6570196
10.697646,6.069456
11.492539,7.927606
10.415433,7.869783
11.71439,2.9202094
9.932502,5.3256426
12.105131,6.552039
11.041555,4.6648564
10.762849,4.5320616
11.363958,6.143624
11.528915,7.3126698
9.570162,5.714658
12.341688,4.908552
13.661039,4.437918
9.266779,5.985134
11.528528,7.2888083
10.936432,6.947098
11.297716,5.5770664
9.745646,3.9175992
12.02054,7.0925713
13.407825,3.7128441
10.915627,9.620282
11.681564,7.587433
10.997984,4.6337633
9.457106,4.9285665
12.596848,5.008437
10.601799,6.6806545
10.778444,6.528148
10.302313,6.7335854
10.900205,7.346016
9.657555,6.380187
11.650654,4.4133487
10.295714,7.0939875
10.715814,6.757608
12.707016,8.434255
10.382496,7.0604296
10.596941,4.3538604
10.921978,6.4975553
10.844416,5.576194
10.443693,3.6965184
12.873191,6.708352
12.889923,5.924561
12.624057,6.6166406
12.456325,5.2167273
11.421696,4.0505776
10.28025,4.4277844
10.244551,5.740321
11.419193,4.5296497
13.661196,4.9549413
11.4282055,6.1707706
11.599457,6.7714877
12.595862,4.3891225
10.935097,5.620806
11.059827,3.7678044
11.942512,11.094027
11.820297,8.725292
10.739395,7.213688
11.099599,5.7400103
11.405053,6.300171
10.955682,5.5532923
10.084823,7.2677836
11.886548,10.150496
12.716069,4.223373
11.459613,4.840816
9.407332,6.1864023
10.22638,7.2986517
11.150461,7.370754
11.767055,5.846132
12.460834,7.973726
13.472953,3.971702
11.80176,8.68296
12.560958,6.8731976
11.416155,6.8433833
10.177113,8.508074
11.218794,3.1742291
11.07577,5.589078
10.130028,7.6166315
11.476239,5.105303
11.607856,8.57653
12.800799,5.5060534
12.356878,8.937312
11.676212,6.295809
11.222769,4.9669046
9.684087,5.2689047
11.461318,10.258272
12.232899,7.116396
10.950396,10.498223
10.991522,4.982702
11.208514,7.3020926
10.698108,6.011675
10.428652,3.8117294
10.022018,6.8933926
11.463091,7.513572
12.273588,8.144251
10.435974,4.8514085
13.267506,7.3664575
12.236603,4.6260724
12.571333,7.0204873
12.297058,4.0725875
10.482752,5.8505044
10.7629795,5.355612
12.581834,6.3908534
12.188906,6.660547
13.502183,7.4130735
11.304565,5.9967318
13.4766245,3.7413251
10.25815,6.376808
13.573084,5.2429786
11.395477,6.7625093
10.349573,4.9928985
10.041141,8.009842
10.918283,3.5673904
13.084375,5.9139166
10.59418,5.084266
12.019777,10.222332
11.07703,5.715704
11.387085,5.806659
9.7962,6.0792665
10.336136,7.0088897
9.405518,4.927347
10.8326845,8.681204
11.24832,6.3641486
12.117901,7.0357027
10.332157,4.5134664
11.026479,4.6929164
9.247836,4.5193925
9.236117,4.335163
11.12966,6.393947
11.638184,5.0559983
10.504756,4.606716
8.887818,4.233007
12.0106535,8.893735
10.84234,5.2591877
11.67137,8.184891
10.285354,6.8340173
10.360802,5.053908
9.68877,5.104004
10.925228,4.6267343
10.883095,6.773141
12.18974,6.5527415
10.452364,10.566868
9.848738,6.1155553
11.49685,9.091381
11.014607,8.3877945
11.977699,8.026028
12.939583,7.906903
10.191117,6.3471007
9.284573,6.877476
11.733672,7.494668
10.263469,5.908347
11.291269,7.6610003
10.509884,4.5039153
10.4709015,9.137393
10.562788,4.3391557
11.907007,8.308615
10.71393,9.592439
11.519266,7.8972774
11.897106,8.555232
12.252884,4.901977
11.874167,9.998582
10.332766,7.6157274
10.95664,6.663808
12.20531,4.3127894
10.352969,5.4007196
10.517885,7.389035
12.136209,4.9947414
11.450437,8.922426
12.607856,4.692115
10.565224,8.091759
11.69615,8.1486845
12.408232,9.954654
11.576105,4.3935666
12.029749,5.9308496
12.580799,2.499599
11.805327,4.850594
12.072384,9.389095
10.4109745,5.296522
12.228507,9.279335
10.289386,7.3576365
11.417919,5.4229994
12.730925,6.611452
10.727859,6.6213346
10.4021435,5.024536
10.634164,5.9271884
11.303808,7.1160936
10.941771,6.7853246
11.5247555,5.498941
11.081039,6.433424
11.32624,8.667127
9.926574,6.991414
12.336697,4.001058
12.389396,8.133652
12.143511,6.475152
12.917005,4.55125
10.105387,5.1944747
12.187813,5.4924746
12.686329,4.991067
10.288155,4.5705247
10.547397,8.408441
10.798154,6.894256
10.965813,4.032584
11.1341505,4.0452614
11.11321,5.478481
11.3112,3.9921513
10.60149,7.166796
11.844846,7.0399556
14.845084,3.7454557
11.30529,9.898498
10.480343,5.8965664
11.325268,7.604023
12.682915,2.7388735
11.322474,6.2207003
11.992527,3.3690324
10.825669,6.2455845
11.637697,5.092546
12.17374,3.2636347
12.077558,5.693582
11.8767185,6.2616386
10.604101,5.6502023
13.855988,4.3336926
11.6152725,8.67593
11.387205,4.7400265
11.595669,6.2677984
10.355109,5.6502934
9.316897,3.8867738
10.296414,4.7533603
12.114365,4.028446
10.440887,7.2242923
10.452532,5.761178
12.473148,3.9678874
11.627674,5.678115
10.935436,6.300794
11.771019,6.904723
11.924686,4.3300667
11.883301,7.0003486
11.339972,6.7937727
10.501776,9.090573
11.0840225,6.5715528
12.696623,6.386517
11.770769,4.264544
11.422916,6.8350544
11.725494,8.450097
11.421312,5.7483797
11.202949,8.505491
11.2881365,6.4329405
10.674181,5.6773863
11.262614,4.1355596
13.912729,5.40391
12.244282,3.5782824
12.230413,4.9334397
10.963711,6.572524
11.368742,8.765642
11.579296,5.028111
10.2451935,7.602678
12.169245,6.2036405
11.734695,8.046686
11.779599,6.885472
10.9853,4.984318
10.656997,8.984194
10.561103,6.003437
11.733944,7.1162806
9.689003,5.963618
10.913552,9.634003
11.959314,5.3672085
11.906815,5.7114935
11.303382,9.820364
11.012804,4.412642
10.451824,6.5469956
11.311936,6.6807275
10.608747,5.2363577
10.227102,4.1868124
11.198185,4.9120445
10.236757,6.117309
12.002853,10.361364
11.455215,3.7363307
10.749998,9.65857
10.577082,11.852131
13.038921,5.420496
12.052113,8.856255
11.10475,5.5426683
11.587435,4.2881546
10.154131,6.887218
12.729261,4.8101053
11.384462,5.0615196
11.055748,4.973518
12.435814,6.833462
12.332317,6.0102777
12.832328,7.540383
11.176058,11.017263
12.172155,5.4388137
12.721661,6.6871758
11.853547,7.1242437
9.896742,4.0639715
12.020382,6.8427196
12.227183,6.0356054
10.910157,4.2906456
12.238707,5.1709843
11.679422,8.403003
14.092238,4.9189615
10.818479,6.5391483
10.405674,6.2475433
10.264822,6.876412
11.555979,11.093456
11.731291,8.433868
14.293983,4.6881533
11.586645,7.72325
11.746613,6.1125407
11.833473,7.620891
10.284052,7.269053
11.0216055,5.918063
11.512312,4.6914854
10.182447,5.1292677
11.48571,7.7604017
10.28097,5.853673
12.948027,7.4044285
11.644475,5.476653
10.431801,9.964905
11.219944,6.5406466
13.917446,5.3254995
12.977284,6.732895
12.019686,5.484688
12.549206,7.619238
11.1384945,4.0163703
11.770119,5.438188
11.75317,6.647802
12.158544,5.4919286
12.981617,4.362759
10.418038,7.6947303
9.810406,4.368319
10.871647,8.262557
10.172018,5.4554043
10.523103,6.155311
12.039484,4.537402
10.633806,6.758517
11.74666,6.064175
13.612963,3.304761
11.921585,6.3829937
12.252262,3.9471145
10.105777,8.2823715
10.150096,5.0360084
11.237556,5.87189
10.2055,8.878242
11.214783,9.154286
11.627691,3.7652814
11.618399,4.6647086
11.249735,5.3732758
10.411657,3.2719865
11.082702,6.4854126
11.914882,6.4533014
10.237632,6.043611
11.350903,3.5809999
10.85504,5.6843843
11.306639,4.287199
11.094918,9.740081
12.04236,7.1111636
11.385563,4.120376
10.953794,5.4296393
11.177136,6.062601
12.5057125,3.6910746
11.047206,6.575761
12.979497,5.113993
9.974627,3.0023847
11.81008,4.9181924
11.678938,5.4121046
12.242728,3.6608274
12.607339,4.128614
11.736232,6.573097
12.150928,6.60102
13.6926565,5.7834625
10.351787,8.299426
12.908634,5.201511
11.616629,6.2230473
12.48518,5.5623646
12.544359,4.739141
11.629269,4.102087
11.8741,5.653092
13.3804035,8.480812
12.43553,6.193698
10.287632,7.7837663
10.212266,5.9806194
11.423488,4.5385623
11.830461,5.304319
12.135459,4.8181076
10.083815,3.9113023
12.484947,5.207046
9.967989,4.308165
12.010895,4.60905
12.393602,5.4893866
10.565944,5.5128884
10.267463,6.699368
10.423658,7.2823977
10.955173,7.211368
11.545288,2.922411
11.295057,3.370252
10.660715,5.392774
10.966127,6.883149
10.937538,4.9049478
10.748657,4.8012853
9.7147665,9.390049
10.237837,6.7889547
12.161321,8.756414
11.356706,4.842786
12.675663,6.250895
11.680737,4.410623
11.038339,3.5905352
12.650945,4.7773943
11.561545,5.649126
12.801203,6.462043
12.388773,7.73213
8.723576,5.4193144
12.029287,7.3457885
11.795466,6.557129
10.704915,5.6098013
12.866078,5.07934
12.198991,6.719897
11.662565,9.398407
10.654062,5.5369406
11.773071,7.2762947
12.442635,7.0727963
8.666103,3.0657282
12.326914,6.9994407
11.412642,8.082424
10.397549,4.592613
10.816381,7.3240557
12.494593,5.8469806
11.977154,6.2241793
11.232561,6.27338
10.6124735,7.369929
11.487959,4.536319
12.949505,4.7946672
10.789312,5.2217703
11.383312,5.965471
11.529163,7.0882664
10.555218,7.655375
10.238532,6.5236444
10.813948,8.386135
10.383312,7.5541754
11.596025,5.3238406
10.663832,5.0476995
11.943457,7.9233375
10.632346,5.437543
10.84029,5.836767
11.88571,8.412449
10.123777,5.4384165
11.702172,9.116084
11.876112,10.045764
11.318322,9.262293
11.434232,7.38275
11.253008,4.086823
11.454303,4.857957
11.023195,7.9287176
11.123227,11.212055
9.829117,7.7553263
11.304425,6.7715755
11.063182,5.598316
12.197583,7.8703704
10.673589,5.9382367
11.90544,3.8689208
11.831205,5.3370595
10.730209,6.2504416
10.616257,7.557274
11.166342,6.445547
11.765865,7.42502
12.721467,7.6358633
11.15736,5.4280667
11.181236,9.33163
12.541319,3.9545949
11.6566305,6.4535923
11.7484045,6.428091
10.894294,4.740052
11.000313,5.153296
12.17266,5.4347763
11.656072,5.6038914
11.725174,8.025286
11.940237,7.849053
10.254487,4.9141674
10.867853,7.1271114
12.577302,2.7492065
10.041385,4.5219
10.833779,6.230822
10.835264,3.7263114
10.8249235,4.5174613
11.667127,8.031672
12.427456,7.668409
12.038858,9.557549
11.912741,5.951025
10.158664,6.6160164
9.674053,5.116937
12.459886,6.2164497
12.407767,7.6047864
10.844093,7.609558
11.277683,6.8496933
10.343169,6.6121106
13.134934,5.0004854
9.835398,3.856825
11.670312,9.539158
12.6766205,8.867294
10.0223055,8.7423
11.278331,6.904997
12.595039,4.3005266
12.72204,4.240788
12.436943,3.8273125
11.974041,4.2413144
10.406971,3.7143679
10.322447,6.4199705
11.729231,6.039419
12.167565,7.400214
11.170826,3.9633367
11.891077,7.2701516
11.261789,5.1465626
11.828853,5.449099
11.703243,9.232591
12.34844,6.709695
11.78878,10.464436
11.791544,8.753755
12.233205,7.2363973
10.450775,8.348785
11.712179,7.6663904
11.148789,5.8795958
13.334293,5.0718446
10.804335,7.742372
11.601196,3.851641
12.956994,6.15184
11.527966,5.6797028
10.483047,4.256614
11.630651,5.228181
11.156948,6.4251223
11.796251,10.323736
11.113366,3.6236546
11.975109,3.5036037
12.520396,3.9186864
11.267873,5.906472
11.184923,5.670504
8.816044,3.741389
12.117851,7.9067216
11.281273,7.9780917
11.997286,5.700201
11.220241,7.7061663
12.024375,11.217087
11.118857,5.738451
11.916103,7.1701007
12.685646,5.6259246
12.730392,5.7424
11.656416,11.111027
12.223688,4.042757
12.462426,4.4941792
10.95576,6.927095
9.844106,6.593478
11.148935,7.722874
9.929857,5.64923
11.725439,3.7211616
10.672301,7.4420714
9.911415,5.9931226
12.308886,9.861818
11.553119,10.514134
11.748629,6.396245
11.670454,9.18396
12.15794,8.042281
10.519816,5.135643
11.323817,7.322273
11.88947,4.8369784
9.646915,6.608349
10.3556795,5.1312504
10.537102,5.0521526
11.471419,6.2622576
11.005076,6.7936683
11.542202,7.004731
10.36427,5.7983856
14.162425,7.8841386
9.113526,3.8105097
11.369382,3.9702597
10.46036,6.211395
11.398727,6.175429
11.777695,7.8451295
11.034907,7.3136425
11.9700775,7.403703
11.295593,5.2414947
12.440935,5.0859547
12.157772,6.2276344
9.812056,4.9273615
11.345461,2.9618444
12.555425,7.6318684
12.141831,4.5132694
11.382746,9.360818
10.391031,6.2725496
11.82015,12.833359
10.469858,7.3776684
11.955654,4.300873
11.453028,7.251773
11.165907,3.3370643
11.777678,4.7661104
10.642036,8.061199
12.462925,4.24741
11.763498,4.142483
11.124935,5.6979427
10.168071,3.2310717
11.072765,5.5381775
9.925544,3.7001305
11.74947,6.1619787
12.018133,6.50327
9.957751,7.6581445
9.732613,7.773027
11.734449,5.5928197
12.00905,5.7322063
10.802282,6.281837
13.347573,6.3687305
10.830406,7.214968
12.583568,5.362422
10.367053,8.916942
11.33081,4.553617
10.830254,7.6253877
9.680478,4.9034114
9.484705,4.6126795
12.040701,3.7681627
11.747777,6.0068674
12.682431,5.9327006
10.489841,4.9193473
11.06887,8.251873
11.004481,9.671631
11.570764,9.902345
11.298168,8.113369
10.881395,10.588577
10.753631,5.4686227
9.777393,3.827974
11.626745,7.875848
11.3688755,7.150449
11.204065,6.0739923
11.941076,5.154608
9.537131,5.4703827
9.717201,5.509396
11.962887,5.847411
12.208974,7.676514
9.987743,7.074188
11.679327,4.7267666
11.157017,6.604802
12.498678,9.773524
9.176897,5.41603
10.032593,4.4533176
12.04645,6.0903845
12.320427,7.117941
11.95487,4.4812427
12.592178,5.257631
12.495287,6.5941353
12.04603,5.158212
12.359326,4.875421
11.92355,9.370266
12.355976,6.7660837
12.055534,8.717441
10.888451,8.266885
10.690418,6.169789
10.970178,4.342718
12.365239,3.8422284
10.987116,8.7128935
10.336691,7.372477
11.851368,5.3323283
10.713231,6.1524634
11.341769,10.976064
11.371879,6.281202
10.69379,12.610983
10.324216,4.81181
11.125842,5.119058
12.737695,7.291596
11.782438,8.868476
11.870462,7.128963
12.197296,7.388576
10.421377,5.2170677
11.476061,4.811848
10.267387,4.806054
11.796886,4.24093
11.902653,5.912347
12.559753,9.762569
11.640012,6.314304
11.607393,4.539772
10.744627,5.434763
11.581989,4.9032316
12.442163,5.275664
12.187343,5.635698
11.729298,5.851701
11.114654,5.6600165
10.994348,5.5770283
10.490789,6.3337684
9.995209,4.3641644
11.750034,3.2577732
12.44648,7.86792
10.797588,7.0393095
11.209745,6.3931437
10.847517,5.941779
11.015188,5.6062813
8.998239,4.2079782
11.210614,5.390254
11.458193,5.239868
10.587597,9.235008
11.700621,5.2533092
10.117125,3.6934848
10.795503,7.8923197
11.117627,3.012215
11.75465,3.0133226
11.034689,5.489821
13.199806,4.8943877
11.443444,6.310275
13.086178,5.836693
11.277855,4.4748774
12.757821,4.97578
12.470918,3.951293
11.193271,5.5895324
12.299421,6.0121593
11.925565,4.4441843
11.739037,3.9707553
10.584604,4.604314
11.003148,5.997469
10.566062,5.494621
10.022793,7.36326
11.022904,7.7512803
10.594135,4.1264563
11.377186,4.466338
12.409681,7.1594954
11.931452,6.240632
12.057257,5.8664026
9.397263,4.7150116
12.233228,5.199088
10.491403,6.614604
11.291735,7.1083283
11.751928,8.899729
10.599623,9.019215
10.1042185,6.8308845
10.216296,4.450627
11.109151,7.0346518
9.363465,3.715166
11.1946745,7.066984
11.400189,5.958104
11.571299,4.302859
9.945667,4.5795536
11.516567,6.370206
12.996887,9.632983
11.778917,4.4713736
10.358221,5.0933986
12.772856,10.375193
10.921436,8.117673
11.391943,5.458535
10.488747,5.44483
12.578963,7.6531067
12.345352,4.9963145
11.506338,13.586573
10.505978,5.4007006
11.367926,7.8986483
12.103694,4.651488
12.071843,6.0156302
11.078174,6.117768
10.52095,5.2342653
9.727642,4.1216397
9.964634,8.620771
12.016857,5.019034
10.7339325,7.14699
11.236298,5.779094
10.760358,6.7259483
11.972991,3.8984675
11.544,4.025559
11.935825,10.128466
11.1956215,10.605753
11.620017,7.82722
12.728769,7.5005636
11.809153,10.216925
12.169685,8.189437
10.440439,6.3295803
11.138465,9.192091
11.086991,5.877276
9.847479,6.5876155
10.415825,7.1929474
10.190221,5.9745126
11.477449,8.170746
13.061289,5.4997277
13.549866,5.754072
12.38302,4.0673437
12.277773,4.1206036
10.635252,5.283269
10.66317,4.2769012
11.674637,8.396894
11.501996,8.357955
11.5645275,7.937713
12.14691,7.054151
10.498581,12.390415
11.3976755,6.1010704
10.345892,5.812086
11.794103,7.0826697
12.967069,4.0663776
11.748497,6.2546945
10.052885,5.7986946
11.7244215,6.293657
10.60187,9.022813
11.257258,7.7158656
11.056768,7.23903
11.223256,4.1983037
11.628866,5.3775578
10.662001,7.543688
10.294396,3.8079603
11.887682,5.823103
11.171076,8.284557
10.188042,7.42811
12.274866,6.0358725
11.4568615,6.9102993
10.600436,3.7729602
10.912371,9.0096855
11.24227,4.115822
10.875269,6.3911977
10.691063,10.196958
11.439361,8.06197
12.029648,7.772178
11.452818,6.0815797
13.907601,6.9211884
11.658579,5.1512747
11.675087,3.5135102
11.318111,7.267033
10.773106,3.9522092
12.354074,8.06722
10.131001,3.633011
11.910395,6.4075665
11.772263,3.6252685
11.329237,5.717092
11.26851,7.1173563
10.318563,4.3599854
11.83827,6.890229
11.78072,5.6422358
10.736804,5.5289164
11.904421,5.775869
10.355766,6.0135503
9.717546,8.206146
11.551416,7.8684134
11.229803,8.67119
11.469463,5.7724943
11.982738,4.0618505
11.179855,8.123674
14.9292145,4.4163666
10.711903,4.9095736
9.215294,3.1614892
11.592683,9.338462
11.234032,3.5180926
10.969163,4.3957944
11.265245,6.8702235
10.996492,8.368605
12.36085,6.2239337
11.15852,6.3595123
10.9243355,7.8943896
11.682013,8.195236
10.862284,6.760583
10.219205,10.148361
10.848285,5.8907504
11.567087,5.633992
12.169976,8.702957
12.103725,4.9004564
10.511174,8.5743475
10.505354,9.365821
11.717829,6.6672554
11.243699,11.475185
11.835199,7.1508827
10.733674,6.3853836
11.088471,4.857733
11.01762,7.0858045
10.7012,4.0316863
11.181502,7.290893
11.627142,4.6075783
12.158541,6.795747
12.302437,3.9073381
10.340031,4.463671
12.981836,4.547751
13.050325,4.6613092
11.772263,8.659675
11.76885,5.3876905
9.9608,6.0316763
11.197031,5.5889006
10.681424,5.61617
10.742202,5.390048
11.833273,8.423842
9.8813715,3.0461564
12.816927,6.0027494
10.998212,4.6765723
10.988722,5.600542
10.844207,4.7314396
11.752735,9.608408
11.761117,5.5625906
12.570164,5.8089857
10.951159,7.987747
10.042644,6.4491916
11.946262,4.476618
10.532128,4.1758637
12.1192875,4.9822764
11.900591,5.508737
12.093662,7.522619
11.191006,6.436709
12.060232,8.471358
10.99596,6.6283827
11.182068,9.702355
11.789997,9.639065
13.1024,8.770204
11.580423,8.650793
11.703243,9.232591
12.440031,3.9475935
10.771841,6.017123
11.463873,5.4155602
11.665752,6.7322984
11.678774,3.6443086
11.930539,2.7165604
11.028361,8.43889
11.652906,5.342174
11.894251,6.962148
11.751612,5.0334063
12.382988,5.985849
10.419554,8.497602
10.970598,2.4121592
10.143257,3.2871695
11.22791,3.6340466
11.290621,9.172636
12.834115,6.2010403
10.876581,4.866479
10.921845,7.553075
12.44062,7.4881134
10.87913,5.977771
9.06722,4.624703
12.638322,4.279268
11.013041,7.5625224
10.745844,10.739421
10.535049,6.455903
12.18825,4.720701
10.831509,6.0952616
13.427304,6.8063035
10.125706,5.6083794
10.666733,5.2158356
11.871954,5.5993853
10.245237,3.964441
13.250726,6.66775
12.551178,7.6594534
10.833058,3.76198
10.655495,4.268989
12.210531,5.7320204
11.183492,5.111102
11.086462,7.533276
11.050146,7.059987
10.448229,7.269882
11.669424,7.2226872
10.257605,4.58923
12.177793,5.9274187
10.800989,3.857576
10.329475,5.610645
12.754372,3.9726548
11.074036,8.653844
10.124098,6.4485826
12.09898,5.5963426
12.019777,10.222332
11.760091,5.445364
11.131868,7.8640227
12.496237,5.3173285
11.31318,6.1736903
10.55858,5.409606
11.00372,8.387982
10.513987,5.3603964
12.400925,7.4104652
11.333687,8.26345
10.7436285,6.601431
10.942681,7.830384
10.811336,3.5352345
11.627123,6.287671
12.661036,3.5049186
11.900528,5.973274
11.589306,6.9029183
11.390354,5.9270077
10.885824,7.846727
11.299963,3.5870702
13.393679,4.6626487
11.460004,10.96391
11.596968,5.448794
12.199692,4.106715
10.254076,6.155828
11.146551,6.270527
11.266651,4.087194
12.271586,4.7109575
11.910267,6.903751
11.167523,7.6720862
11.935699,8.444317
11.069672,10.856072
10.444472,4.130813
10.550581,6.7856693
11.002712,7.3342576
11.854847,6.796217
11.768766,5.6881175
10.639452,5.0419445
10.619254,6.369606
11.775084,4.7437496
11.218347,5.6794577
11.815062,3.9199712
11.5962105,7.7088656
10.804358,7.940295
10.13562,5.544566
11.785727,8.045555
10.897821,9.309168
11.150839,7.667343
11.835307,6.241232
11.617987,4.5387545
11.922106,7.048594
11.53941,4.603588
11.151379,7.286309
10.444324,3.6982093
11.211636,3.817178
12.028932,8.7929325
11.676115,7.970295
9.378106,6.40252
11.765097,7.516496
12.7583685,5.494808
11.276269,6.1214633
11.422829,6.2956977
11.606951,5.5277977
10.980974,5.204901
13.023229,8.105543
10.794151,6.854994
12.451312,6.9905043
11.603941,3.1597018
11.532379,9.592667
9.839021,4.8847666
12.12954,8.674472
10.9172325,4.732572
12.731441,5.277566
12.961636,8.11945
10.134794,4.376934
12.660851,6.142391
13.039453,7.855294
11.86372,7.211682
11.502838,7.080591
11.3256645,9.068324
11.6860485,8.351656
9.927992,4.3962693
13.427823,5.0645723
11.549826,7.6046176
11.5990505,6.494289
12.333469,4.8632035
12.648779,4.117891
12.38444,5.006641
11.617798,6.012288
10.623133,4.5057726
10.475234,6.06079
12.793263,4.663045
12.064578,6.4150405
10.481609,3.4184773
10.6721325,8.950345
12.715941,2.7329154
10.266352,7.4312525
10.600312,5.416742
11.516065,4.0721307
10.886245,7.3695016
11.442698,6.527364
11.049601,7.04592
10.07002,4.373943
11.604322,5.9488945
10.7816925,7.3975787
11.267757,5.1047897
9.947195,3.2791603
10.830925,6.5060425
10.976103,4.9927983
10.558382,5.925976
10.840807,7.259368
11.345423,6.146117
11.018577,6.3971777
10.878972,7.3045077
11.421268,10.415964
11.1323,6.7266116
11.565578,5.898671
11.203822,4.7536035
10.44715,8.051077
11.671068,6.6731963
11.8015175,11.092903
10.821718,5.4839582
11.634959,4.5380273
11.039589,6.4937935
9.81312,6.42287
11.424597,5.236718
11.788713,8.916155
11.202041,2.6105592
13.131248,5.9881215
12.326353,6.396997
11.979633,4.96259
11.417154,5.3952765
11.509532,11.880638
11.353256,5.6868224
12.229189,6.00173
10.658966,7.1283565
11.377275,4.7399335
12.098487,6.3168216
11.6073,9.409347
14.123954,3.9757423
11.290042,8.261139
10.823261,5.9189787
11.388948,7.726992
11.185382,6.8617053
11.217368,5.4224825
12.9515,5.0997243
12.334425,4.296991
12.900721,8.874299
12.180833,5.5063066
9.222649,2.6484828
11.375249,6.4646864
10.779099,7.990269
10.254726,7.1298733
11.388239,5.8862157
14.450671,8.288132
11.540716,5.3845596
10.637643,9.239071
11.648596,7.291266
9.688566,4.6017222
11.806096,7.363
13.205995,4.5646825
11.786366,3.3906302
10.301231,4.120424
13.1322975,7.9230013
12.076722,9.634146
10.197293,3.7395635
